Designator,Footprint,Quantity,Value,LCSC Part #
"C1, C3, C4, C5, C6, C7",0603,6,100nF,
"C10, C11, C8, C9",0603,4,20pF,
"C12, C2",0603,2,10µF,
C13,0603,1,10nF,
C14,0603,1,1µF,
D1,SOT-23,1,BAT54C,
D2,0603,1,"""3V3""",
D3,0603,1,"""USB""",
D4,0603,1,"""PA15""",
"D5, D6",D_SOD-323_HandSoldering,2,B0520WS,
FB1,0603,1,Ferrite_Bead_Small,
J1,IDC-Header_2x04_P2.54mm_Vertical,1,SWDIO+Serial,
J2,USB_Micro_B_Female_10118194-0001LF,1,USB_B_Micro,
J3,PinHeader_1x18_P2.54mm_Vertical,1,Header2,
J4,PinHeader_1x18_P2.54mm_Vertical,1,Header1,
R1,0603,1,1kΩ,
"R2, R3",0603,2,330Ω,
"R4, R5",0603,2,10kΩ,
R6,0603,1,1MΩ,
R7,0603,1,1.5kΩ,
"R8, R9",0603,2,20Ω,
SW1,SKTHACE010,1,BOOT0,
SW2,SKTHACE010,1,RESET,
U1,W25Q32JVSSIQ,1,W25Q32JVSSIQ,
U2,LQFP-48_7x7mm_P0.5mm,1,STM32F103CBTx,
U3,SOT-23-5,1,LD3985M33R_SOT23,
Y1,Crystal_SMD_3225-4Pin_3.2x2.5mm,1,XC32M4-8.000,
Y2,Crystal_SMD_MicroCrystal_CC8V-T1A-2Pin_2.0x1.2mm_HandSoldering,1,CM8V-T1A-32.768KHZ-12.5PF,
