Designator,Footprint,Quantity,Value,LCSC Part #
C1,0603,1,1µF,
"C10, C11, C13, C17, C2, C6, C7, C8, C9",0603,9,100nF,
C12,0603,1,4.7µF,
"C14, C15",0603,2,22µF 10V,
C16,0603,1,10µF 35V,
C18,0603,1,75pF,
C3,0603,1,10nF,
"C4, C5",0603,2,4.7pF,
D1,SOT-23,1,BAT54C,
D2,0603,1,"""VIN""",
D3,0603,1,"""USB""",
D4,0603,1,"""PC13""",
D5,0603,1,"""3V3""",
"D6, D7",D_SOD-323_HandSoldering,2,1N5819W,
FB1,0603,1,1kΩ@100MHz,
FB2,0603,1,FerriteBead_Small,
J1,IDC-Header_2x04_P2.54mm_Vertical,1,SWDIO+Serial,
J2,USB_Micro_B_Female_10118194-0001LF,1,USB_B_Micro,
"J3, J4",PinHeader_1x25_P2.54mm_Vertical,2,Conn_01x22,
JP1,PinHeader_1x02_P1.27mm_Vertical,1,WD_EN,
L1,L_Taiyo-Yuden_NR-20xx_HandSoldering,1,10µH 1A,
Q1,SOT-363_SC-70-6,1,BC847BS,
Q2,SOT95P280X100-6N,1,Si3493DDV,
Q3,SOT-363_SC-70-6-Handsoldering,1,BC857BS,
R1,0603,1,560Ω,
R10,0603,1,22kΩ,
"R11, R12, R6",0603,3,10kΩ,
"R2, R3",0603,2,330Ω,
R4,0603,1,47kΩ,
R5,0603,1,200Ω,
R7,0603,1,1MΩ,
R8,0603,1,49.9Ω,
R9,0603,1,100kΩ,
SW1,PTS840ESDGMSMTRLFS,1,Boot0,
SW2,PTS840ESDGMSMTRLFS,1,Reset,
U1,LQFP-64_10x10mm_P0.5mm,1,STM32F411RET_Arduino,
U2,SOIC-8_3.9x4.9mm_P1.27mm,1,W25Q32JVSSIQ,
U3,SOT-23-5_HandSoldering,1,~,
U4,SOT-23-6_Handsoldering,1,TPS54302,
X1,Oscillator_SMD_Abracon_ASV-4Pin_7.0x5.1mm,1,ASV-8MHz,
Y1,ABS25,1,ABS25-32.768KHZ-6-T,
